[
  {
    "model": "admin.logentry",
    "pk": 1,
    "fields": {
      "action_time": "2022-05-06T16:07:44.813Z",
      "user": 1,
      "content_type": 12,
      "object_id": "1",
      "object_repr": "None None",
      "action_flag": 2,
      "change_message": "[]"
    }
  },
  {
    "model": "admin.logentry",
    "pk": 2,
    "fields": {
      "action_time": "2022-05-06T16:07:49.903Z",
      "user": 1,
      "content_type": 12,
      "object_id": "1",
      "object_repr": "None None",
      "action_flag": 2,
      "change_message": "[]"
    }
  },
  {
    "model": "admin.logentry",
    "pk": 3,
    "fields": {
      "action_time": "2022-05-06T16:08:44.243Z",
      "user": 1,
      "content_type": 12,
      "object_id": "2",
      "object_repr": "None None",
      "action_flag": 1,
      "change_message": "[{\"added\": {}}]"
    }
  },
  {
    "model": "admin.logentry",
    "pk": 4,
    "fields": {
      "action_time": "2022-05-06T16:10:12.105Z",
      "user": 1,
      "content_type": 12,
      "object_id": "2",
      "object_repr": "testDevice1 - None",
      "action_flag": 2,
      "change_message": "[]"
    }
  },
  {
    "model": "admin.logentry",
    "pk": 5,
    "fields": {
      "action_time": "2022-05-06T16:10:53.598Z",
      "user": 1,
      "content_type": 7,
      "object_id": "hku_id",
      "object_repr": "name",
      "action_flag": 3,
      "change_message": ""
    }
  },
  {
    "model": "auth.permission",
    "pk": 1,
    "fields": {
      "name": "Can add log entry",
      "content_type": 1,
      "codename": "add_logentry"
    }
  },
  {
    "model": "auth.permission",
    "pk": 2,
    "fields": {
      "name": "Can change log entry",
      "content_type": 1,
      "codename": "change_logentry"
    }
  },
  {
    "model": "auth.permission",
    "pk": 3,
    "fields": {
      "name": "Can delete log entry",
      "content_type": 1,
      "codename": "delete_logentry"
    }
  },
  {
    "model": "auth.permission",
    "pk": 4,
    "fields": {
      "name": "Can view log entry",
      "content_type": 1,
      "codename": "view_logentry"
    }
  },
  {
    "model": "auth.permission",
    "pk": 5,
    "fields": {
      "name": "Can add permission",
      "content_type": 2,
      "codename": "add_permission"
    }
  },
  {
    "model": "auth.permission",
    "pk": 6,
    "fields": {
      "name": "Can change permission",
      "content_type": 2,
      "codename": "change_permission"
    }
  },
  {
    "model": "auth.permission",
    "pk": 7,
    "fields": {
      "name": "Can delete permission",
      "content_type": 2,
      "codename": "delete_permission"
    }
  },
  {
    "model": "auth.permission",
    "pk": 8,
    "fields": {
      "name": "Can view permission",
      "content_type": 2,
      "codename": "view_permission"
    }
  },
  {
    "model": "auth.permission",
    "pk": 9,
    "fields": {
      "name": "Can add group",
      "content_type": 3,
      "codename": "add_group"
    }
  },
  {
    "model": "auth.permission",
    "pk": 10,
    "fields": {
      "name": "Can change group",
      "content_type": 3,
      "codename": "change_group"
    }
  },
  {
    "model": "auth.permission",
    "pk": 11,
    "fields": {
      "name": "Can delete group",
      "content_type": 3,
      "codename": "delete_group"
    }
  },
  {
    "model": "auth.permission",
    "pk": 12,
    "fields": {
      "name": "Can view group",
      "content_type": 3,
      "codename": "view_group"
    }
  },
  {
    "model": "auth.permission",
    "pk": 13,
    "fields": {
      "name": "Can add user",
      "content_type": 4,
      "codename": "add_user"
    }
  },
  {
    "model": "auth.permission",
    "pk": 14,
    "fields": {
      "name": "Can change user",
      "content_type": 4,
      "codename": "change_user"
    }
  },
  {
    "model": "auth.permission",
    "pk": 15,
    "fields": {
      "name": "Can delete user",
      "content_type": 4,
      "codename": "delete_user"
    }
  },
  {
    "model": "auth.permission",
    "pk": 16,
    "fields": {
      "name": "Can view user",
      "content_type": 4,
      "codename": "view_user"
    }
  },
  {
    "model": "auth.permission",
    "pk": 17,
    "fields": {
      "name": "Can add content type",
      "content_type": 5,
      "codename": "add_contenttype"
    }
  },
  {
    "model": "auth.permission",
    "pk": 18,
    "fields": {
      "name": "Can change content type",
      "content_type": 5,
      "codename": "change_contenttype"
    }
  },
  {
    "model": "auth.permission",
    "pk": 19,
    "fields": {
      "name": "Can delete content type",
      "content_type": 5,
      "codename": "delete_contenttype"
    }
  },
  {
    "model": "auth.permission",
    "pk": 20,
    "fields": {
      "name": "Can view content type",
      "content_type": 5,
      "codename": "view_contenttype"
    }
  },
  {
    "model": "auth.permission",
    "pk": 21,
    "fields": {
      "name": "Can add session",
      "content_type": 6,
      "codename": "add_session"
    }
  },
  {
    "model": "auth.permission",
    "pk": 22,
    "fields": {
      "name": "Can change session",
      "content_type": 6,
      "codename": "change_session"
    }
  },
  {
    "model": "auth.permission",
    "pk": 23,
    "fields": {
      "name": "Can delete session",
      "content_type": 6,
      "codename": "delete_session"
    }
  },
  {
    "model": "auth.permission",
    "pk": 24,
    "fields": {
      "name": "Can view session",
      "content_type": 6,
      "codename": "view_session"
    }
  },
  {
    "model": "auth.permission",
    "pk": 25,
    "fields": {
      "name": "Can add hku member",
      "content_type": 7,
      "codename": "add_hkumember"
    }
  },
  {
    "model": "auth.permission",
    "pk": 26,
    "fields": {
      "name": "Can change hku member",
      "content_type": 7,
      "codename": "change_hkumember"
    }
  },
  {
    "model": "auth.permission",
    "pk": 27,
    "fields": {
      "name": "Can delete hku member",
      "content_type": 7,
      "codename": "delete_hkumember"
    }
  },
  {
    "model": "auth.permission",
    "pk": 28,
    "fields": {
      "name": "Can view hku member",
      "content_type": 7,
      "codename": "view_hkumember"
    }
  },
  {
    "model": "auth.permission",
    "pk": 29,
    "fields": {
      "name": "Can add venue",
      "content_type": 8,
      "codename": "add_venue"
    }
  },
  {
    "model": "auth.permission",
    "pk": 30,
    "fields": {
      "name": "Can change venue",
      "content_type": 8,
      "codename": "change_venue"
    }
  },
  {
    "model": "auth.permission",
    "pk": 31,
    "fields": {
      "name": "Can delete venue",
      "content_type": 8,
      "codename": "delete_venue"
    }
  },
  {
    "model": "auth.permission",
    "pk": 32,
    "fields": {
      "name": "Can view venue",
      "content_type": 8,
      "codename": "view_venue"
    }
  },
  {
    "model": "auth.permission",
    "pk": 33,
    "fields": {
      "name": "Can add record",
      "content_type": 9,
      "codename": "add_record"
    }
  },
  {
    "model": "auth.permission",
    "pk": 34,
    "fields": {
      "name": "Can change record",
      "content_type": 9,
      "codename": "change_record"
    }
  },
  {
    "model": "auth.permission",
    "pk": 35,
    "fields": {
      "name": "Can delete record",
      "content_type": 9,
      "codename": "delete_record"
    }
  },
  {
    "model": "auth.permission",
    "pk": 36,
    "fields": {
      "name": "Can view record",
      "content_type": 9,
      "codename": "view_record"
    }
  },
  {
    "model": "auth.permission",
    "pk": 37,
    "fields": {
      "name": "Can add device account",
      "content_type": 10,
      "codename": "add_deviceaccount"
    }
  },
  {
    "model": "auth.permission",
    "pk": 38,
    "fields": {
      "name": "Can change device account",
      "content_type": 10,
      "codename": "change_deviceaccount"
    }
  },
  {
    "model": "auth.permission",
    "pk": 39,
    "fields": {
      "name": "Can delete device account",
      "content_type": 10,
      "codename": "delete_deviceaccount"
    }
  },
  {
    "model": "auth.permission",
    "pk": 40,
    "fields": {
      "name": "Can view device account",
      "content_type": 10,
      "codename": "view_deviceaccount"
    }
  },
  {
    "model": "auth.permission",
    "pk": 41,
    "fields": {
      "name": "Can add task force account",
      "content_type": 11,
      "codename": "add_taskforceaccount"
    }
  },
  {
    "model": "auth.permission",
    "pk": 42,
    "fields": {
      "name": "Can change task force account",
      "content_type": 11,
      "codename": "change_taskforceaccount"
    }
  },
  {
    "model": "auth.permission",
    "pk": 43,
    "fields": {
      "name": "Can delete task force account",
      "content_type": 11,
      "codename": "delete_taskforceaccount"
    }
  },
  {
    "model": "auth.permission",
    "pk": 44,
    "fields": {
      "name": "Can view task force account",
      "content_type": 11,
      "codename": "view_taskforceaccount"
    }
  },
  {
    "model": "auth.permission",
    "pk": 45,
    "fields": {
      "name": "Can add user",
      "content_type": 12,
      "codename": "add_user"
    }
  },
  {
    "model": "auth.permission",
    "pk": 46,
    "fields": {
      "name": "Can change user",
      "content_type": 12,
      "codename": "change_user"
    }
  },
  {
    "model": "auth.permission",
    "pk": 47,
    "fields": {
      "name": "Can delete user",
      "content_type": 12,
      "codename": "delete_user"
    }
  },
  {
    "model": "auth.permission",
    "pk": 48,
    "fields": {
      "name": "Can view user",
      "content_type": 12,
      "codename": "view_user"
    }
  },
  {
    "model": "auth.user",
    "pk": 1,
    "fields": {
      "password": "pbkdf2_sha256$320000$9dwNcBgK5vyh567bJoFd3v$KyDtYLWeUuBy0V3k+Jukx3EQp8x/PE6VWGrC5gJ/BRY=",
      "last_login": "2022-05-06T15:47:13.922Z",
      "is_superuser": true,
      "username": "adminse",
      "first_name": "",
      "last_name": "",
      "email": "",
      "is_staff": true,
      "is_active": true,
      "date_joined": "2022-05-06T15:45:36.580Z",
      "groups": [],
      "user_permissions": []
    }
  },
  {
    "model": "contenttypes.contenttype",
    "pk": 1,
    "fields": { "app_label": "admin", "model": "logentry" }
  },
  {
    "model": "contenttypes.contenttype",
    "pk": 2,
    "fields": { "app_label": "auth", "model": "permission" }
  },
  {
    "model": "contenttypes.contenttype",
    "pk": 3,
    "fields": { "app_label": "auth", "model": "group" }
  },
  {
    "model": "contenttypes.contenttype",
    "pk": 4,
    "fields": { "app_label": "auth", "model": "user" }
  },
  {
    "model": "contenttypes.contenttype",
    "pk": 5,
    "fields": { "app_label": "contenttypes", "model": "contenttype" }
  },
  {
    "model": "contenttypes.contenttype",
    "pk": 6,
    "fields": { "app_label": "sessions", "model": "session" }
  },
  {
    "model": "contenttypes.contenttype",
    "pk": 7,
    "fields": { "app_label": "core", "model": "hkumember" }
  },
  {
    "model": "contenttypes.contenttype",
    "pk": 8,
    "fields": { "app_label": "core", "model": "venue" }
  },
  {
    "model": "contenttypes.contenttype",
    "pk": 9,
    "fields": { "app_label": "core", "model": "record" }
  },
  {
    "model": "contenttypes.contenttype",
    "pk": 10,
    "fields": { "app_label": "core", "model": "deviceaccount" }
  },
  {
    "model": "contenttypes.contenttype",
    "pk": 11,
    "fields": { "app_label": "core", "model": "taskforceaccount" }
  },
  {
    "model": "contenttypes.contenttype",
    "pk": 12,
    "fields": { "app_label": "core", "model": "user" }
  },
  {
    "model": "sessions.session",
    "pk": "6demkoyvhjulricek32ytdm2ye87yhv8",
    "fields": {
      "session_data": ".eJxVjEEOwiAQRe_C2pAOFAGX7nsGMgyDVA0kpV0Z765NutDtf-_9lwi4rSVsnZcwJ3ERIE6_W0R6cN1BumO9NUmtrssc5a7Ig3Y5tcTP6-H-HRTs5VurEczoNUUatMFIiBEYMiZn4JwdkmbHCYhHk4k8D87oTKgsGGXZW_H-AAL1OLc:1nn0Aj:yi7ByMUDQzRV6g9JXcn4TthDhhMKV1j-sDb6TEspehI",
      "expire_date": "2022-05-20T15:47:13.923Z"
    }
  },
  {
    "model": "core.venue",
    "pk": 1,
    "fields": {
      "venue_code": "KK101",
      "location": "K.K. Leung Building, Main Campus",
      "type": "LT",
      "capacity": 120
    }
  },
  {
    "model": "core.venue",
    "pk": 2,
    "fields": {
      "venue_code": "MB135",
      "location": "Main Building, Main Campus",
      "type": "TR",
      "capacity": 14
    }
  },
  {
    "model": "core.venue",
    "pk": 3,
    "fields": {
      "venue_code": "CPD-2.58",
      "location": "Centennial Campus, Central Podium Levels - Two",
      "type": "LT",
      "capacity": 100
    }
  },
  {
    "model": "core.venue",
    "pk": 4,
    "fields": {
      "venue_code": "TT403",
      "location": "Main Campus, T.T. Tsui Building",
      "type": "CR",
      "capacity": 110
    }
  },
  {
    "model": "core.hkumember",
    "pk": "29705",
    "fields": { "name": "Cheung, Ka Chun" }
  },
  {
    "model": "core.hkumember",
    "pk": "3023776542",
    "fields": { "name": "Loo, Chi Nan" }
  },
  {
    "model": "core.hkumember",
    "pk": "3024932785",
    "fields": { "name": "Chai, Wun Ching" }
  },
  {
    "model": "core.hkumember",
    "pk": "3025258327",
    "fields": { "name": "Yip, Yau Shing" }
  },
  {
    "model": "core.hkumember",
    "pk": "3025704501",
    "fields": { "name": "Lok, Wing Ching" }
  },
  {
    "model": "core.hkumember",
    "pk": "32154",
    "fields": { "name": "Chan, Weng Yip" }
  },
  {
    "model": "core.hkumember",
    "pk": "33623",
    "fields": { "name": "Lai, Cheuk Man" }
  },
  {
    "model": "core.record",
    "pk": 1,
    "fields": {
      "dateTime": "2022-05-03T09:26:00Z",
      "event": "Entry",
      "venue": 4,
      "member": "3025704501"
    }
  },
  {
    "model": "core.record",
    "pk": 2,
    "fields": {
      "dateTime": "2022-05-03T09:30:00Z",
      "event": "Entry",
      "venue": 4,
      "member": "3023776542"
    }
  },
  {
    "model": "core.record",
    "pk": 3,
    "fields": {
      "dateTime": "2022-05-03T09:31:00Z",
      "event": "Entry",
      "venue": 4,
      "member": "29705"
    }
  },
  {
    "model": "core.record",
    "pk": 4,
    "fields": {
      "dateTime": "2022-05-03T10:20:00Z",
      "event": "Exit",
      "venue": 4,
      "member": "3025704501"
    }
  },
  {
    "model": "core.record",
    "pk": 5,
    "fields": {
      "dateTime": "2022-05-03T10:20:00Z",
      "event": "Exit",
      "venue": 4,
      "member": "3023776542"
    }
  },
  {
    "model": "core.record",
    "pk": 6,
    "fields": {
      "dateTime": "2022-05-03T10:20:00Z",
      "event": "Exit",
      "venue": 4,
      "member": "29705"
    }
  },
  {
    "model": "core.record",
    "pk": 7,
    "fields": {
      "dateTime": "2022-05-03T14:30:00Z",
      "event": "Entry",
      "venue": 3,
      "member": "3023776542"
    }
  },
  {
    "model": "core.record",
    "pk": 8,
    "fields": {
      "dateTime": "2022-05-03T14:30:00Z",
      "event": "Entry",
      "venue": 3,
      "member": "3024932785"
    }
  },
  {
    "model": "core.record",
    "pk": 9,
    "fields": {
      "dateTime": "2022-05-03T15:20:00Z",
      "event": "Exit",
      "venue": 3,
      "member": "3023776542"
    }
  },
  {
    "model": "core.record",
    "pk": 10,
    "fields": {
      "dateTime": "2022-05-03T15:20:00Z",
      "event": "Exit",
      "venue": 3,
      "member": "3024932785"
    }
  },
  {
    "model": "core.record",
    "pk": 11,
    "fields": {
      "dateTime": "2022-05-04T10:30:00Z",
      "event": "Entry",
      "venue": 1,
      "member": "3025704501"
    }
  },
  {
    "model": "core.record",
    "pk": 12,
    "fields": {
      "dateTime": "2022-05-04T10:35:00Z",
      "event": "Exit",
      "venue": 1,
      "member": "3025704501"
    }
  },
  {
    "model": "core.record",
    "pk": 13,
    "fields": {
      "dateTime": "2022-05-04T12:32:00Z",
      "event": "Entry",
      "venue": 2,
      "member": "3025258327"
    }
  },
  {
    "model": "core.record",
    "pk": 14,
    "fields": {
      "dateTime": "2022-05-04T12:35:00Z",
      "event": "Entry",
      "venue": 2,
      "member": "3023776542"
    }
  },
  {
    "model": "core.record",
    "pk": 15,
    "fields": {
      "dateTime": "2022-05-04T13:05:00Z",
      "event": "Exit",
      "venue": 2,
      "member": "3023776542"
    }
  },
  {
    "model": "core.record",
    "pk": 16,
    "fields": {
      "dateTime": "2022-05-04T13:20:00Z",
      "event": "Exit",
      "venue": 2,
      "member": "3025258327"
    }
  },
  {
    "model": "core.record",
    "pk": 17,
    "fields": {
      "dateTime": "2022-05-04T14:00:00Z",
      "event": "Entry",
      "venue": 1,
      "member": "3025704501"
    }
  },
  {
    "model": "core.record",
    "pk": 18,
    "fields": {
      "dateTime": "2022-05-04T14:10:00Z",
      "event": "Exit",
      "venue": 1,
      "member": "3025704501"
    }
  },
  {
    "model": "core.record",
    "pk": 19,
    "fields": {
      "dateTime": "2022-05-04T15:30:00Z",
      "event": "Entry",
      "venue": 4,
      "member": "3025258327"
    }
  },
  {
    "model": "core.record",
    "pk": 20,
    "fields": {
      "dateTime": "2022-05-04T15:30:00Z",
      "event": "Entry",
      "venue": 4,
      "member": "3024932785"
    }
  },
  {
    "model": "core.record",
    "pk": 21,
    "fields": {
      "dateTime": "2022-05-04T15:45:00Z",
      "event": "Entry",
      "venue": 4,
      "member": "32154"
    }
  },
  {
    "model": "core.record",
    "pk": 22,
    "fields": {
      "dateTime": "2022-05-04T15:51:00Z",
      "event": "Entry",
      "venue": 4,
      "member": "33623"
    }
  },
  {
    "model": "core.record",
    "pk": 23,
    "fields": {
      "dateTime": "2022-05-04T16:20:00Z",
      "event": "Exit",
      "venue": 4,
      "member": "32154"
    }
  },
  {
    "model": "core.record",
    "pk": 24,
    "fields": {
      "dateTime": "2022-05-04T16:20:00Z",
      "event": "Exit",
      "venue": 4,
      "member": "3025258327"
    }
  },
  {
    "model": "core.record",
    "pk": 25,
    "fields": {
      "dateTime": "2022-05-04T16:25:00Z",
      "event": "Exit",
      "venue": 4,
      "member": "3024932785"
    }
  },
  {
    "model": "core.record",
    "pk": 26,
    "fields": {
      "dateTime": "2022-05-04T16:26:00Z",
      "event": "Exit",
      "venue": 4,
      "member": "33623"
    }
  },
  {
    "model": "core.record",
    "pk": 27,
    "fields": {
      "dateTime": "2022-05-05T09:24:00Z",
      "event": "Entry",
      "venue": 4,
      "member": "33623"
    }
  },
  {
    "model": "core.record",
    "pk": 28,
    "fields": {
      "dateTime": "2022-05-05T09:35:00Z",
      "event": "Entry",
      "venue": 4,
      "member": "3024932785"
    }
  },
  {
    "model": "core.record",
    "pk": 29,
    "fields": {
      "dateTime": "2022-05-05T09:35:00Z",
      "event": "Entry",
      "venue": 4,
      "member": "3025704501"
    }
  },
  {
    "model": "core.record",
    "pk": 30,
    "fields": {
      "dateTime": "2022-05-05T09:35:00Z",
      "event": "Entry",
      "venue": 4,
      "member": "3023776542"
    }
  },
  {
    "model": "core.record",
    "pk": 31,
    "fields": {
      "dateTime": "2022-05-05T10:04:00Z",
      "event": "Exit",
      "venue": 4,
      "member": "33623"
    }
  },
  {
    "model": "core.record",
    "pk": 32,
    "fields": {
      "dateTime": "2022-05-05T10:05:00Z",
      "event": "Exit",
      "venue": 4,
      "member": "3024932785"
    }
  },
  {
    "model": "core.record",
    "pk": 33,
    "fields": {
      "dateTime": "2022-05-05T10:15:00Z",
      "event": "Exit",
      "venue": 4,
      "member": "3023776542"
    }
  },
  {
    "model": "core.record",
    "pk": 34,
    "fields": {
      "dateTime": "2022-05-05T10:20:00Z",
      "event": "Exit",
      "venue": 4,
      "member": "3025704501"
    }
  },
  {
    "model": "core.user",
    "pk": 2,
    "fields": {
      "username": "testDevice1",
      "password": "1234455",
      "first_name": null,
      "last_name": null,
      "email": null
    }
  }
]
